NickName,Province,City
鹏鹏,陕西,西安
孙小青。,重庆,南岸
Devin,陕西,榆林
甲乙丙丁,,
夕阳,陕西,西安
对不起，谢谢,宁夏,吴忠
dada,广东,
无我,宁夏,中卫
阿姆饭,上海,浦东新区
顺丰小小张_18709551921,,
。。。,,
青,陕西,西安
xigema李晨曦,湖北,武汉
潇潇雨歇,,
说了个不,,
丶Mr.  Chan,陕西,西安
碧馨,陕西,西安
神马都是浮云,陕西,西安
小龙,陕西,西安
王彬,陕西,西安
宋孝辉,陕西,安康
Moto,Jonkopings,
甦醒,陕西,西安
欢乐时光,陕西,西安
月十二,Paris,
merry,陕西,榆林
海阔天空,宁夏,中卫
阿粥,,
恍然如昨,陕西,宝鸡
赵飞航,陕西,西安
XieX.L.,,
鑫鑫,宁夏,银川
Alex,陕西,西安
细钢,陕西,西安
祉茹初见,陕西,西安
田高,广东,深圳
无愧（马威）,宁夏,中卫
汪超,,
娜,陕西,西安
淡淡π_π,宁夏,中卫
mindwind,四川,成都
严卓熙,陕西,西安
gr3y0s,,
快乐一生,宁夏,中卫
Young,陕西,西安
晨钟暮鼓,宁夏,银川
Light-Cal 小卡,陕西,西安
娇姐~,,
胡文娟,陕西,西安
陈楠,陕西,西安
大山里的程序员,陕西,西安
黎川,黑龙江,哈尔滨
随浪漂泊,宁夏,银川
任逍遥,陕西,西安
五十米,陕西,西安
禅行天下,江苏,南京
海子,宁夏,银川
房燕良,北京,海淀
裴武刚,陕西,西安
John,陕西,西安
笑的洒脱,陕西,西安
流荧,陕西,西安
l萍水相逢,宁夏,中卫
卉发花木,宁夏,中卫
51块的饺子,陕西,西安
2333333,陕西,西安
被遺忘的回憶,宁夏,中卫
玉洁,宁夏,中卫
春风十里,陕西,西安
StrongerWang ☀,,
Candy,陕西,西安
 初见,,
易水寒,,
TL,,
「兽兽」,陕西,西安
苏润霞,陕西,西安
墩子,陕西,西安
圆规的度,宁夏,银川
Mrinal 信华,Kansas,Lawrence City
一紫一曦,,
张丹红,陕西,
😍刘漂亮😍,Queensland,Brisbane
白潇,陕西,西安
在水的一方,,
宝华,山西,运城
：*-*#*「.」*,,
jeferry枭辉,陕西,西安
令谦,宁夏,固原
Listen,陕西,咸阳
郑梦鸽,北京,
找呀找呀找朋友,陕西,西安
LOOKAyo🌸,,
瑶～瑶,宁夏,银川
TACing,,
Elsa,上海,浦东新区
🦋Ms. Yuan🦋,陕西,西安
媛,,
Angel.,陕西,西安
海悦王彦芳💄,,
❇萱宝贝💝,宁夏,中卫
ღLynnෆ⃛💋.,Westmeath,
罗缠琦,北京,朝阳
＊*＊梦天空,陕西,西安
木可凤娟,福建,泉州
泡芙,宁夏,银川
梅鹤昱,Ushuaia,
北槿,Zurich,
清莹👶,,
各安天命❗,Donegal,
